ADDRESSES,SEQUENCE
G-3290 CORUNNARD,"[['ALDASHDIG'], ['ALPHA']]"
N85 W16265 ARTHUR AVE,"[['ALNUM'], ['ALNUM'], ['ALPHA'], ['WAY']]"
3N802 BITTERSWEET RD,"[['ALNUM'], ['ALPHA'], ['WAY']]"
W6211 BRIDGE ROAD,"[['ALNUM'], ['STRUCTURE'], ['WORDWAY']]"
1508-10 MOUNT EPHRAIM AVE,"[['DIGDASH'], ['ALPHA'], ['ALPHA'], ['WAY']]"
436-440 MAIN ST,"[['DIGDASH'], ['ALPHA'], ['WAY']]"
0-794 CHICAGO DRIVE,"[['DIGDASH'], ['ALPHA'], ['WORDWAY']]"
122-124 W LINCOLN ST,"[['DIGDASH'], ['DIR'], ['ALPHA'], ['WAY']]"
1023-1025 N BROADWAY,"[['DIGDASH'], ['DIR'], ['ALPHA']]"
200-202 W 1ST ST,"[['DIGDASH'], ['DIR'], ['NTH'], ['WAY']]"
316-322 12TH ST,"[['DIGDASH'], ['NTH'], ['WAY']]"
101-22 45TH AVENUE,"[['DIGDASH'], ['NTH'], ['WORDWAY']]"
15550-D ROCKFIELD BLVD,"[['DIGDASHAL'], ['ALPHA'], ['WAY']]"
118-B KIRKLAND CIRCLE,"[['DIGDASHAL'], ['ALPHA'], ['WORDWAY']]"
812 W EL CAMINO REAL,"[['ADR_HEAD'],  ['DIR'], ['SP_ARTI'], ['ALPHA'], ['ALPHA']]"
1198 PACIFIC COAST HWY D-331,"[['ADR_HEAD'], ['ALPHA'], ['GFEATURE'], ['WAY'], ['ALDASHDIG']]"
8612 MARTIN LUTHER KING BLVD,"[['ADR_HEAD'], ['ALPHA'], ['ALPHA'], ['ALPHA'], ['WAY']]"
700 FARGO ELK GROVE VILLAGE,"[['ADR_HEAD'], ['ALPHA'], ['ALPHA'], ['GFEATURE'], ['WORDWAY']]"
111 RIO RANCHO BLVD SE,"[['ADR_HEAD'], ['ALPHA'], ['ALPHA'], ['WAY'], ['DIR']]"
12587 FAIR LAKES CIR,"[['ADR_HEAD'], ['ALPHA'], ['ALPHA'], ['WAY']]"
17259 WILD HORSE CREEK RD,"[['ADR_HEAD'], ['ALPHA'], ['ALPHA'], ['WORDWAY'], ['WAY']]"
28 black watch way,"[['ADR_HEAD'], ['ALPHA'], ['ALPHA'], ['WORDWAY']]"
5500 lost tree,"[['ADR_HEAD'], ['ALPHA'], ['ALPHA']]"
3172 GULF OF MEXICO DR,"[['ADR_HEAD'], ['ALPHA'], ['ARTI'], ['ALPHA'], ['WAY']]"
8690 EDGE OF TEXAS,"[['ADR_HEAD'], ['ALPHA'], ['ARTI'], ['ALPHA']]"
6464 AROUND THE HILLS ROAD,"[['ADR_HEAD'], ['ALPHA'], ['ARTI'], ['GFEATURE'], ['WORDWAY']]"
13002 NEW 40 HWY,"[['ADR_HEAD'], ['ALPHA'], ['DIGIT'], ['WAY']]"
403 LITTLE EAST NECK RD,"[['ADR_HEAD'], ['ALPHA'], ['DIR'], ['ALPHA'], ['WAY']]"
20 MAIN NORTH ST,"[['ADR_HEAD'], ['ALPHA'], ['DIR'], ['WAY']]"
177 montague e,"[['ADR_HEAD'], ['ALPHA'], ['DIR']]"
1424 CECIL B MOORE AVE,"[['ADR_HEAD'], ['ALPHA'], ['LETTER'], ['ALPHA'], ['WAY']]"
25000 HENRY B JOY BOULEVARD,"[['ADR_HEAD'], ['ALPHA'], ['LETTER'], ['ALPHA'], ['WORDWAY']]"
14 BARBARA D LANE,"[['ADR_HEAD'], ['ALPHA'], ['LETTER'], ['WORDWAY']]"
2700 F STREET,"[['ADR_HEAD'], ['LETTER'], ['WORDWAY']]"
154 BEACH 120TH ST,"[['ADR_HEAD'], ['ALPHA'], ['NTH'], ['WAY']]"
110 OLD SANTA FE TRL,"[['ADR_HEAD'], ['ALPHA'], ['PRE'], ['ALPHA'], ['WAY']]"
240 ISLA DEL SOL DR,"[['ADR_HEAD'], ['ALPHA'], ['SP_ARTI'], ['ALPHA'], ['WAY']]"
1231 PUERTA DEL SOL,"[['ADR_HEAD'], ['ALPHA'], ['SP_ARTI'], ['ALPHA']]"
487 RITCHIE HWY B102,"[['ADR_HEAD'], ['ALPHA'], ['WAY'], ['ALNUM']]"
31115 OUTER HWY 10,"[['ADR_HEAD'], ['ALPHA'], ['WAY'], ['DIGIT']]"
117 MAIN ST NW,"[['ADR_HEAD'], ['ALPHA'], ['WAY'], ['DIR']]"
23015 SOLEDAD CYN RD,"[['ADR_HEAD'], ['ALPHA'], ['WAY'], ['WAY']]"
206 ELMHURST DR,"[['ADR_HEAD'], ['ALPHA'], ['WAY']]"
620 ONION CREEK RANCH RD,"[['ADR_HEAD'], ['ALPHA'], ['WORDWAY'], ['ALPHA'], ['WAY']]"
351 BLANKENSHIP ROAD,"[['ADR_HEAD'], ['ALPHA'], ['WORDWAY']]"
2584 US HIGHWAY 80 W,"[['ADR_HEAD'], ['ALPHA'], ['WORDWAY'], ['DIGIT'], ['DIR']]"
5100 FALLS ROAD 32 VILLAGE SQUARE,"[['ADR_HEAD'], ['ALPHA'], ['WORDWAY'], ['DIGIT'], ['WORDWAY'], ['WORDWAY']]"
655 COUNTY ROAD 1300,"[['ADR_HEAD'], ['ALPHA'], ['WORDWAY'], ['DIGIT']]"
2080 CENTURY PARK E,"[['ADR_HEAD'], ['ALPHA'], ['WORDWAY'], ['DIR']]"
1215 THUNDER HILL RD,"[['ADR_HEAD'], ['ALPHA'], ['WORDWAY'], ['WAY']]"
100 MENO PARK MALL,"[['ADR_HEAD'], ['ALPHA'], ['WORDWAY'], ['WORDWAY']]"
7808 CHASEWOOD LOOP,"[['ADR_HEAD'], ['ALPHA'], ['WORDWAY']]"
899 embarcadero,"[['ADR_HEAD'], ['ALPHA']]"
46 LOT FIVE RD,"[['ADR_HEAD'], ['APT'], ['ALPHA'], ['WAY']]"
160 THE PROMENADE N,"[['ADR_HEAD'], ['ARTI'], ['WORDWAY'], ['DIR']]"
25902 THE OLD RD,"[['ADR_HEAD'], ['ARTI'], ['ALPHA'], ['WAY']]"
1525 THE GREENS WAY,"[['ADR_HEAD'], ['ARTI'], ['ALPHA'], ['WORDWAY']]"
1657 THE FAIRWAY,"[['ADR_HEAD'], ['ARTI'], ['ALPHA']]"
4320 THE 25 WAY NE,"[['ADR_HEAD'], ['ARTI'], ['DIGIT'], ['WORDWAY'], ['DIR']]"
4075 17 MILE RD,"[['ADR_HEAD'], ['DIGIT'], ['ALPHA'], ['WAY']]"
13937 1/2 VAN NUYS BLVD,"[['ADR_HEAD'], ['DIGSLASH'], ['ALPHA'], ['ALPHA'], ['WAY']]"
9 1/2 PARADISE ST,"[['ADR_HEAD'], ['DIGSLASH'], ['ALPHA'], ['WAY']]"
38 1/2 BROADWAY,"[['ADR_HEAD'], ['DIGSLASH'], ['ALPHA']]"
308 1/2 N BENTLEY ST,"[['ADR_HEAD'], ['DIGSLASH'], ['DIR'], ['ALPHA'], ['WAY']]"
715 1/2 W 47TH ST,"[['ADR_HEAD'], ['DIGSLASH'], ['DIR'], ['NTH'], ['WAY']]"
1043 N MARTIN LUTHER KING BLVD,"[['ADR_HEAD'], ['DIR'], ['ALPHA'], ['ALPHA'], ['ALPHA'], ['WAY']]"
401 W FORT WILLIAMS ST,"[['ADR_HEAD'], ['DIR'], ['ALPHA'], ['ALPHA'], ['WAY']]"
137 S WHITE HORSE PIKE,"[['ADR_HEAD'], ['DIR'], ['ALPHA'], ['ALPHA'], ['WORDWAY']]"
8113 N OAK TRFY,"[['ADR_HEAD'], ['DIR'], ['ALPHA'], ['ALPHA']]"
3843 S BRISTOL 213,"[['ADR_HEAD'], ['DIR'], ['ALPHA'], ['DIGIT']]"
177 EAST INDUSTRIAL PARK DRIVE,"[['ADR_HEAD'], ['DIR'], ['ALPHA'], ['GFEATURE'], ['WORDWAY']]"
4146 E PONCE DE LEON AVE,"[['ADR_HEAD'], ['DIR'], ['ALPHA'], ['SP_ARTI'], ['ALPHA'], ['WAY']]"
20416 E WALNUT DR N,"[['ADR_HEAD'], ['DIR'], ['ALPHA'], ['WAY'], ['DIR']]"
473 S MAIN ST STE A,"[['ADR_HEAD'], ['DIR'], ['ALPHA'], ['WAY']]"
690 S STATE HIGHWAY 5,"[['ADR_HEAD'], ['DIR'], ['ALPHA'], ['WORDWAY'], ['DIGIT']]"
1600 SW SEAHURST PARK RD,"[['ADR_HEAD'], ['DIR'], ['ALPHA'], ['WORDWAY'], ['WAY']]"
602 S CHAPEL GATE LANE,"[['ADR_HEAD'], ['DIR'], ['ALPHA'], ['WORDWAY'], ['WORDWAY']]"
123 south main street,"[['ADR_HEAD'], ['DIR'], ['ALPHA'], ['WORDWAY']]"
123 west hill,"[['ADR_HEAD'], ['DIR'], ['ALPHA']]"
6801 W SIDE AVE,"[['ADR_HEAD'], ['DIR'], ['APT'], ['WAY']]"
775 E 14 MILE RD,"[['ADR_HEAD'], ['DIR'], ['DIGIT'], ['ALPHA'], ['WAY']]"
14635 SW 100 AND 6TH,"[['ADR_HEAD'], ['DIR'], ['DIGIT'], ['CONJ'], ['NTH']]"
118 N 300 W,"[['ADR_HEAD'], ['DIR'], ['DIGIT'], ['DIR']]"
1261 EAST 289 TH STREET,"[['ADR_HEAD'], ['DIR'], ['DIGIT'], ['TH'], ['WORDWAY']]"
13501 S 4050 RD,"[['ADR_HEAD'], ['DIR'], ['DIGIT'], ['WAY']]"
2135 S SOUTH CEDAR DR,"[['ADR_HEAD'], ['DIR'], ['DIR'], ['ALPHA'], ['WAY']]"
598 E NORTH AVE,"[['ADR_HEAD'], ['DIR'], ['DIR'], ['WAY']]"
5409 S FM 14,"[['ADR_HEAD'], ['DIR'], ['FARM2MARK'], ['DIGIT']]"
435 E PARK CENTER CIRCLE,"[['ADR_HEAD'], ['DIR'], ['GFEATURE'], ['ALPHA'], ['WORDWAY']]"
1353 E M 21,"[['ADR_HEAD'], ['DIR'], ['LETTER'], ['DIGIT']]"
1200 E C ST,"[['ADR_HEAD'], ['DIR'], ['LETTER'], ['WAY']]"
12941 S 198TH EAST AVE,"[['ADR_HEAD'], ['DIR'], ['NTH'], ['DIR'], ['WAY']]"
210 E 5TH N,"[['ADR_HEAD'], ['DIR'], ['NTH'], ['DIR']]"
550 N 159TH ST E,"[['ADR_HEAD'], ['DIR'], ['NTH'], ['WAY'], ['DIR']]"
1057 S 29TH ST,"[['ADR_HEAD'], ['DIR'], ['NTH'], ['WAY']]"
4206 N 129TH AVENUE CIR,"[['ADR_HEAD'], ['DIR'], ['NTH'], ['WORDWAY'], ['WAY']]"
9567 W 75TH WAY,"[['ADR_HEAD'], ['DIR'], ['NTH'], ['WORDWAY']]"
210 E 5TH,"[['ADR_HEAD'], ['DIR'], ['NTH']]"
1769 NW SAINT LUCIE WEST BLVD,"[['ADR_HEAD'], ['DIR'], ['PRE'], ['ALPHA'], ['DIR'], ['WAY']]"
416 N SANTA CRUZ AVE,"[['ADR_HEAD'], ['DIR'], ['PRE'], ['ALPHA'], ['WAY']]"
220 N EL CAMINO REAL,"[['ADR_HEAD'], ['DIR'], ['SP_ARTI'], ['ALPHA'], ['ALPHA']]"
170 N LA CANADA 10,"[['ADR_HEAD'], ['DIR'], ['SP_ARTI'], ['ALPHA'], ['DIGIT']]"
665 E LOS ANGELES AVE E,"[['ADR_HEAD'], ['DIR'], ['SP_ARTI'], ['ALPHA'], ['WAY'], ['DIR']]"
824 S LOS ANGELES ST STE 201,"[['ADR_HEAD'], ['DIR'], ['SP_ARTI'], ['ALPHA'], ['WAY']]"
1415 S LOS ANGELES STREET,"[['ADR_HEAD'], ['DIR'], ['SP_ARTI'], ['ALPHA'], ['WORDWAY']]"
10911 W HWY 55 # 2,"[['ADR_HEAD'], ['DIR'], ['WAY'], ['DIGIT']]"
1884 WEST ST,"[['ADR_HEAD'], ['DIR'], ['WAY']]"
3111 S VALLEY VIEW BLVD,"[['ADR_HEAD'], ['DIR'], ['WORDWAY'], ['ALPHA'], ['WAY'], ['APT'], ['ALNUM']]"
14 W VILLAGE GREEN LN,"[['ADR_HEAD'], ['DIR'], ['WORDWAY'], ['ALPHA'], ['WAY']]"
12940 S HIGHWAY 259,"[['ADR_HEAD'], ['DIR'], ['WORDWAY'], ['DIGIT']]"
12545 S HIGHWAY J,"[['ADR_HEAD'], ['DIR'], ['WORDWAY'], ['LETTER']]"
1420 E PLAZA BLVD STE D5,"[['ADR_HEAD'], ['DIR'], ['WORDWAY'], ['WAY']]"
10934 SE US HIGHWAY 441,"[['ADR_HEAD'], ['DIR'], ['WORDWAY'], ['WORDWAY'], ['DIGIT']]"
32 SOUTH MALL,"[['ADR_HEAD'], ['DIR'], ['WORDWAY']]"
1140 FM 730 N,"[['ADR_HEAD'], ['FARM2MARK'], ['DIGIT'], ['DIR']]"
5704 FM 1093 RD W,"[['ADR_HEAD'], ['FARM2MARK'], ['DIGIT'], ['WAY'], ['DIR']]"
9421 FM 2920 RD,"[['ADR_HEAD'], ['FARM2MARK'], ['DIGIT'], ['WAY']]"
5401 FM 1626 STE 185,"[['ADR_HEAD'], ['FARM2MARK'], ['DIGIT']]"
712 B MAIN ST,"[['ADR_HEAD'], ['LETTER'], ['ALPHA'], ['WAY']]"
809 A PROFESSIONAL PLACE W,"[['ADR_HEAD'], ['LETTER'], ['ALPHA'], ['WORDWAY'], ['DIR']]"
934 R WASHINGTON STREET,"[['ADR_HEAD'], ['LETTER'], ['ALPHA'], ['WORDWAY']]"
8 J C LONG BLVD,"[['ADR_HEAD'], ['LETTER'], ['LETTER'], ['ALPHA'], ['WAY']]"
2915 M ST NW,"[['ADR_HEAD'], ['LETTER'], ['WAY'], ['DIR']]"
639 C ST,"[['ADR_HEAD'], ['LETTER'], ['WAY']]"
1818 A HIGHWAY 17 N,"[['ADR_HEAD'], ['LETTER'], ['WORDWAY'], ['DIGIT'], ['DIR']]"
1250 H STREET NW SUITE 1150,"[['ADR_HEAD'], ['LETTER'], ['WORDWAY'], ['DIR'], ['APT'], ['DIGIT']]"
10859 12TH AVE SW,"[['ADR_HEAD'], ['NTH'], ['WAY'], ['DIR']]"
14238 44ND AVE,"[['ADR_HEAD'], ['NTH'], ['WAY']]"
1234 7TH AVENUE,"[['ADR_HEAD'], ['NTH'], ['WORDWAY']]"
4832 SAINT WENDEL CYNTHIANA RD,"[['ADR_HEAD'], ['PRE'], ['ALPHA'], ['ALPHA'], ['WAY']]"
3546 SAINT JOHNS BLUFF RD S,"[['ADR_HEAD'], ['PRE'], ['ALPHA'], ['GFEATURE'], ['WAY'], ['DIR']]"
12104 SAINT CHARLES ROCK RD,"[['ADR_HEAD'], ['PRE'], ['ALPHA'], ['GFEATURE'], ['WAY']]"
996 san benito st,"[['ADR_HEAD'], ['PRE'], ['ALPHA'], ['WAY']]"
77 el camino real,"[['ADR_HEAD'], ['SP_ARTI'], ['ALPHA'], ['ALPHA']]"
3615 LAS VEGAS BLVD S,"[['ADR_HEAD'], ['SP_ARTI'], ['ALPHA'], ['WAY'], ['DIR']]"
4520 LAS POSITAS RD,"[['ADR_HEAD'], ['SP_ARTI'], ['ALPHA'], ['WAY']]"
50 LOS PATOS WAY,"[['ADR_HEAD'], ['SP_ARTI'], ['ALPHA'], ['WORDWAY']]"
73111 EL PASEO,"[['ADR_HEAD'], ['SP_ARTI'], ['ALPHA']]"
2220 DE LA VINA ST,"[['ADR_HEAD'], ['SP_ARTI'], ['SP_ARTI'], ['ALPHA'], ['WAY']]"
16854 SAN FERNANDO MISSION BLVD,"[['ADR_HEAD'], ['SP_PRE'], ['ALPHA'], ['STRUCTURE'], ['WAY']]"
480 SAN RAMON VALLEY BLVD,"[['ADR_HEAD'], ['SP_PRE'], ['ALPHA'], ['WORDWAY'], ['WAY']]"
501 HILL COUNTRY LN,"[['ADR_HEAD'], ['WAY'], ['ALPHA'], ['WAY']]"
249 route 206,"[['ADR_HEAD'], ['WAY'], ['DIGIT']]"
1113 HWY 72E,"[['ADR_HEAD'], ['WAY'], ['NUMS_1AL']]"
635 CANYON SPRINGS DR,"[['ADR_HEAD'], ['WORDWAY'], ['ALPHA'], ['WAY']]"
5800 VALLEY SPRINGS WAY,"[['ADR_HEAD'], ['WORDWAY'], ['ALPHA'], ['WORDWAY']]"
28120 AVENUE CROCKER,"[['ADR_HEAD'], ['WORDWAY'], ['ALPHA']]"
1900 AVENUE OF THE STARS,"[['ADR_HEAD'], ['WORDWAY'], ['ARTI'], ['ARTI'], ['ALPHA']]"
751 ROUTE 37 W,"[['ADR_HEAD'], ['WORDWAY'], ['DIGIT'], ['DIR']]"
11990 HIGHWAY 17 BYP,"[['ADR_HEAD'], ['WORDWAY'], ['DIGIT'], ['WAY']]"
73140 HIGHWAY 111,"[['ADR_HEAD'], ['WORDWAY'], ['DIGIT']]"
2328 VALLEY WEST CT,"[['ADR_HEAD'], ['WORDWAY'], ['DIR'], ['WAY']]"
123 avenue c,"[['ADR_HEAD'], ['WORDWAY'], ['LETTER']]"
3276 ROUTE 9G,"[['ADR_HEAD'], ['WORDWAY'], ['NUMS_1AL']]"
1919 PARK AVE,"[['ADR_HEAD'], ['WORDWAY'], ['WAY']]"
14956 US HIGHWAY 280 E,"[['ADR_HEAD'], ['WORDWAY'], ['WORDWAY'], ['DIGIT'], ['DIR']]"
1011 US HIGHWAY 22,"[['ADR_HEAD'], ['WORDWAY'], ['WORDWAY'], ['DIGIT']]"
7076 CREEK CROSSING DR,"[['ADR_HEAD'], ['WORDWAY'], ['WORDWAY'], ['WAY']]"
5980 VILLAGE WAY STE 108,"[['ADR_HEAD'], ['WORDWAY'], ['WORDWAY']]"
1771A PRINCESS ANNE RD,"[['NUMS_1A'], ['ALPHA'], ['ALPHA'], ['WAY']]"
1631A S MAIN ST,"[['NUMS_1A'],['DIR'],['ALPHA'],['WAY']]"
200 PARK AVE SOUTH,"[['ADR_HEAD'], ['GFEATURE'], ['WAY'], ['DIR']]"
338A 7TH AVE,"[['NUMS_1A'],['NTH'],['WAY']]"
45C OLD MILL RD,"[['NUMS_1AL'], ['ALPHA'], ['ALPHA'], ['WAY']]"
717B GRAVES ST,"[['NUMS_1AL'], ['ALPHA'], ['WAY']]"
16940A COUNTY ROAD 126,"[['NUMS_1AL'], ['ALPHA'], ['WORDWAY'], ['DIGIT']]"
564A GREEN VILLAGE CT,"[['NUMS_1AL'], ['ALPHA'], ['WORDWAY'], ['WAY']]"
10A MANOR PARKWAY,"[['NUMS_1AL'], ['ALPHA'], ['WORDWAY']]"
2720A N MAIN ST,"[['NUMS_1AL'], ['DIR'], ['ALPHA'], ['WAY']]"
146A NORTH AVENUE,"[['NUMS_1AL'], ['DIR'], ['WORDWAY']]"
338A 7TH ST,"[['NUMS_1AL'], ['NTH'], ['WAY']]"
2060D AVENIDA DE LOS ARBOLES,"[['NUMS_1AL'], ['SP_WAY'], ['SP_ARTI'], ['SP_ARTI'], ['ALPHA']]"
76BRAVE BOAT HARBOR ROAD,"[['NUMSTR'], ['ALPHA'], ['GFEATURE'], ['WORDWAY']]"
W239 N1700 BUSSE ROAD,"[['ADR_HEAD'], ['ADR_HEAD'], ['ALPHA'], ['WORDWAY']]"
1255 23RD STREET NW,"[['ADR_HEAD'], ['NTH'], ['WORDWAY'], ['DIR']]"
2300 WEST PARK PLACE BOULEVARD,"[['ADR_HEAD'], ['DIR'], ['GFEATURE'], ['WORDWAY'], ['WORDWAY']]"
1200 G STREET NW,"[['ADR_HEAD'], ['LETTER'], ['WORDWAY'], ['DIR']]"
1214 N 81 HIGHWAY,"[['ADR_HEAD'], ['DIR'], ['DIGIT'], ['WORDWAY']]"
95 ALLENS CREEK ROAD BUILDING,"[['ADR_HEAD'], ['ALPHA'], ['GFEATURE'], ['WORDWAY'], ['STRUCTURE']]"
1 SUGAR CREEK CENTER BLVD,"[['ADR_HEAD'], ['ALPHA'], ['GFEATURE'], ['WORDWAY'], ['WAY']]"
10008 DUPONT CIRCLE DRIVE EAST,"[['ADR_HEAD'], ['ALPHA'], ['WORDWAY'], ['WORDWAY'], ['DIR']]"
1001 BROKEN SOUND PARKWAY NW,"[['ADR_HEAD'], ['ALPHA'], ['ALPHA'], ['WORDWAY'], ['DIR']]"
101 SOUTH CENTER COURT,"[['ADR_HEAD'], ['DIR'], ['WORDWAY'], ['WORDWAY']]"
10000 COORS BYPASS NW,"[['ADR_HEAD'], ['ALPHA'], ['ALPHA'], ['DIR']]"
10206 NORTHLAKE HEIGHTS CIR NE,"[['ADR_HEAD'], ['ALPHA'], ['WORDWAY'], ['WAY'], ['DIR']]"
114 S PARK SQ NE,"[['ADR_HEAD'], ['DIR'], ['GFEATURE'], ['WAY'], ['DIR']]"
111 CENTER PARK DRIVE,"[['ADR_HEAD'], ['WORDWAY'], ['GFEATURE'], ['WORDWAY']]"
1 HILLCREST CENTER DRIVE ST,"[['ADR_HEAD'], ['ALPHA'], ['WORDWAY'], ['WORDWAY'], ['WAY']]"
1905 N CENTER POINT RD,"[['ADR_HEAD'], ['DIR'], ['WORDWAY'], ['GFEATURE'], ['WAY']]"
1072 ST CLAIR ROAD,"[['ADR_HEAD'], ['WAY'], ['ALPHA'], ['WORDWAY']]"
880 GOR-AN FARM RD,"[['ADR_HEAD'], ['WORDDASHWORD'], ['ALPHA'], ['WAY']]"
2602 E SAN JOSE APT 9,"[['ADR_HEAD'], ['DIR'], ['SP_PRE'], ['ALPHA']]"
65A BIRD OF PARADISE DR,"[['NUMS_1AL'], ['ALPHA'], ['ARTI'], ['ALPHA'], ['WAY']]"
4876 CO RD 650,"[['ADR_HEAD'], ['WAYCOKY'], ['WAY'], ['DIGIT']]"
1070 WAYATT GROVE CHURCH ROAD,"[['ADR_HEAD'], ['ALPHA'], ['GFEATURE'], ['STRUCTURE'], ['WORDWAY']]"
291 B PARK RIDGE LN,"[['ADR_HEAD'], ['LETTER'], ['GFEATURE'], ['GFEATURE'], ['WAY']]"
13130 FRY RD NO 1625,"[['ADR_HEAD'], ['WAY'], ['WAY']]"
1444 CO RD X,"[['ADR_HEAD'], ['WAYCOKY'], ['WAY'], ['LETTER']]"
8645 D GOLD PEAK PL,"[['ADR_HEAD'], ['LETTER'], ['ALPHA'], ['GFEATURE'], ['WAY']]"
9116 D SW 20TH COURT,"[['ADR_HEAD'], ['LETTER'], ['DIR'], ['NTH'], ['WORDWAY']]"
7706 SANTA LUCIA COURT,"[['ADR_HEAD'], ['SP_PRE'], ['ALPHA'], ['WORDWAY']]"
5657 KY HIGHWAY 154,"[['ADR_HEAD'], ['WAYCOKY'], ['WORDWAY'], ['DIGIT']]"
507 1/2 WEST FAWN STREET,"[['ADR_HEAD'], ['DIGSLASH'], ['DIR'], ['ALPHA'], ['WORDWAY']]"
19 SAN EUGENIO,"[['ADR_HEAD'], ['SP_PRE'], ['ALPHA']]"
2522 D S ARLINGTON MILL DR,"[['ADR_HEAD'], ['LETTER'], ['DIR'], ['ALPHA'], ['ALPHA'], ['WAY']]"
432 PONCE DE LEON DRIVE,"[['ADR_HEAD'], ['ALPHA'], ['SP_ARTI'], ['ALPHA'], ['WORDWAY']]"
1432 - 58TH STREET,"[['ADR_HEAD'], ['DASH'], ['NTH'], ['WORDWAY']]"
21846 J D ADAMS DRIVE,"[['ADR_HEAD'], ['LETTER'], ['LETTER'], ['ALPHA'], ['WORDWAY']]"
5502 D SHADOW GLEN CT,"[['ADR_HEAD'], ['LETTER'], ['ALPHA'], ['ALPHA'], ['WAY']]"
3020 W SAN JUAN DRIVE,"[['ADR_HEAD'], ['DIR'], ['SP_PRE'], ['ALPHA'], ['WORDWAY']]"
A-5717 138TH AVE,"[['ALDASHDIG'], ['NTH'], ['WAY']]"
966-C PARK STREET,"[['DIGDASHAL'], ['GFEATURE'], ['WORDWAY']]"
936-C OLD CLEMSON HIGHWAY,"[['DIGDASHAL'], ['ALPHA'], ['ALPHA'], ['WORDWAY']]"
9005-C RED BRANCH RD,"[['DIGDASHAL'], ['ALPHA'], ['ALPHA'], ['WAY']]"
2653-A WHITEHORSE-HAMILTON SQ,"[['ADR_HEAD'], ['WORDDASHWORD'], ['WAY']]"
57835-148TH ST,"[['DIG-DIGTH'], ['WAY']]"
724-4TH STREET,"[['DIG-DIGTH'], ['WORDWAY']]"
9401LITTLE RIVER TPKE,"[['DIG-AL6'], ['GFEATURE'], ['WAY']]"
50THIELMAN DRIVE,"[['DIG-AL6'], ['WORDWAY']]"
411BUTTERNUT DR,"[['DIG-AL6'], ['WAY']]"
15422 40 AVE EAST,"[['ADR_HEAD'], ['DIGIT'], ['WAY'], ['DIR']]"
2871 LOWER EAST VALLEY RD,"[['ADR_HEAD'], ['ALPHA'], ['DIR'], ['GFEATURE'], ['WAY']]"
811 SAND LOT CIRCLE,"[['ADR_HEAD'], ['ALPHA'], ['APT'], ['WORDWAY']]"
6754 RD K NE,"[['ADR_HEAD'], ['WAY'], ['LETTER'], ['DIR']]"
2466 HIGHWAY 17-A SOUTH,"[['ADR_HEAD'], ['WORDWAY'], ['DIGDASHAL'], ['DIR']]"
62 COLLINS LANDING D UNIT 63,"[['ADR_HEAD'], ['ALPHA'], ['STRUCTURE'], ['LETTER']]"
89 DOLANS PT PK RD,"[['ADR_HEAD'], ['ALPHA'], ['WAY'], ['WAY'], ['WAY']]"
350 N STATE HWY 360,"[['ADR_HEAD'], ['DIR'], ['WAYCOKY'], ['WAY'], ['DIGIT']]"
"75 MCKINELY AVENUE ,","[['ADR_HEAD'], ['ALPHA'], ['WORDWAY'], ['COMMA']]"
151 PARKWAY NORTH APT 302,"[['ADR_HEAD'], ['WORDWAY'], ['DIR']]"
23461 US HWY 5 N,"[['ADR_HEAD'], ['WAYCOKY'], ['WAY'], ['DIGIT'], ['DIR']]"
951 S PK ST,"[['ADR_HEAD'], ['DIR'], ['WAY'], ['WAY']]"
16318 95TH AVE CT EAST,"[['ADR_HEAD'], ['NTH'], ['WAY'], ['WAY'], ['DIR']]"
1383 VILLAGE PARK DR NE,"[['ADR_HEAD'], ['WORDWAY'], ['GFEATURE'], ['WAY'], ['DIR']]"
1010 HWY 59 WEST,"[['ADR_HEAD'], ['WAY'], ['DIGIT'], ['DIR']]"
1020 SOUTH AVENUE WEST,"[['ADR_HEAD'], ['DIR'], ['WORDWAY'], ['DIR']]"
1509 CAMINO SAN MARTIN CT SW,"[['ADR_HEAD'], ['SP_WAY'], ['SP_PRE'], ['ALPHA'],['APT'], ['DIR']]"
116 N EDWARDS FERRY RD NE,"[['ADR_HEAD'], ['DIR'], ['ALPHA'], ['ALPHA'], ['WAY'], ['DIR']]"
1548 CENTER ST NE,"[['ADR_HEAD'], ['WORDWAY'], ['WAY'], ['DIR']]"
120 S 30TH AVENUE WEST,"[['ADR_HEAD'], ['DIR'], ['NTH'], ['WORDWAY'], ['DIR']]"
15673 POINT MONROE DR NE,"[['ADR_HEAD'], ['GFEATURE'], ['ALPHA'], ['WAY'], ['DIR']]"
12698 GATEWAY DRIVE SOUTH,"[['ADR_HEAD'], ['WORDWAY'], ['WORDWAY'], ['DIR']]"
2365B PEACHTREE RD NE,"[['NUMS_1AL'], ['ALPHA'], ['WAY'], ['DIR']]"
1317 TERMINAL CRESCENT SW,"[['ADR_HEAD'], ['WORDWAY'], ['ALPHA'], ['DIR']]"
2596 DONALD LEE HOLLOWELL PKWY NW,"[['ADR_HEAD'], ['ALPHA'], ['ALPHA'], ['ALPHA'], ['WAY'], ['DIR']]"
1331 ROAD ISLAND AVENUE NE,"[['ADR_HEAD'], ['WORDWAY'], ['ALPHA'], ['WORDWAY'], ['DIR']]"
25075 525 st,"[['ADR_HEAD'], ['DIGIT'], ['WAY']]"
102 west north,"[['ADR_HEAD'], ['DIR'], ['DIR'], ['POB2'], ['DIGIT']]"
535 w gypsy ln rd,"[['ADR_HEAD'], ['DIR'], ['ALPHA'], ['WAY'], ['WAY']]"
21w487 tanager court,"[['ALNUM'], ['ALPHA'], ['WORDWAY']]"
759 hwy zz,"[['ADR_HEAD'], ['WAY'], ['ALPHA']]"
n 7940 hwy e,"[['DIR'], ['ADR_HEAD'], ['WAY'], ['DIR']]"
10237 red lion tavern,"[['ADR_HEAD'], ['ALPHA'], ['ALPHA'], ['STRUCTURE']]"
1206 ave l,"[['ADR_HEAD'], ['WAY'], ['LETTER']]"
601 1/2 belvue street,"[['ADR_HEAD'], ['DIGSLASH'], ['ALPHA'], ['WORDWAY']]"
1201 s southeast,"[['ADR_HEAD'], ['DIR'], ['DIR']]"
618 n great southwest pkwy,"[['ADR_HEAD'], ['DIR'], ['ALPHA'], ['DIR'], ['WAY']]"
1550 n northwest highway,"[['ADR_HEAD'], ['DIR'], ['DIR'], ['WORDWAY']]"
452 union b rd,"[['ADR_HEAD'], ['ALPHA'], ['LETTER'], ['WAY']]"
100 commercial circle building,"[['ADR_HEAD'], ['ALPHA'], ['WORDWAY'], ['STRUCTURE']]"
1010 land creek cove,"[['ADR_HEAD'], ['ALPHA'], ['GFEATURE'], ['GFEATURE']]"
105 county road yz,"[['ADR_HEAD'], ['WAYCOKY'], ['WORDWAY'], ['ALPHA']]"
1514 rr 620 south,"[['ADR_HEAD'], ['POBHC'], ['DIGIT'], ['DIR']]"
1 office park circle,"[['ADR_HEAD'], ['OFFICE'], ['GFEATURE'], ['WORDWAY']]"
19690 rr 12,"[['ADR_HEAD'], ['POBHC'], ['DIGIT']]"
31566 rr cyn rd,"[['ADR_HEAD'], ['POBHC'], ['WAY'], ['WAY']]"
333 office square lane,"[['ADR_HEAD'], ['OFFICE'], ['WORDWAY'], ['WORDWAY']]"
3530 post office rd,"[['ADR_HEAD'], ['POST'], ['OFFICE'], ['WAY']]"
4368 dressler rr nw,"[['ADR_HEAD'], ['ALPHA'], ['POBHC'], ['DIR']]"
500 office center dr,"[['ADR_HEAD'], ['OFFICE'], ['WORDWAY'], ['WAY']]"
1415 e office view ave,"[['ADR_HEAD'], ['DIR'], ['OFFICE'], ['ALPHA'], ['WAY']]"
6 office st,"[['ADR_HEAD'], ['OFFICE'], ['WAY']]"
7 office way,"[['ADR_HEAD'], ['OFFICE'], ['WORDWAY']]"
13873 park center road,"[['ADR_HEAD'],['GFEATURE'], ['WORDWAY'], ['WORDWAY']]"
2215 gateway center drive,"[['ADR_HEAD'], ['WORDWAY'], ['WORDWAY'], ['WORDWAY']]"
167 lamp and lantern rd,"[['ADR_HEAD'], ['ALPHA'], ['CONJ'], ['ALPHA'], ['WAY']]"
2650 farm to market rd,"[['ADR_HEAD'], ['ALPHA'], ['PREP'], ['ALPHA'], ['WAY']]"
51 apple d or rd,"[['ADR_HEAD'], ['ALPHA'], ['LETTER'], ['CONJ'], ['WAY']]"
305 land or dr,"[['ADR_HEAD'], ['ALPHA'], ['CONJ'], ['WAY']]"